Entity,Code,Year,"Average effective age of retirement, women (OECD)","Average effective age of retirement, men (OECD)"
Argentina,ARG,1982,70.9,66.6
Argentina,ARG,1983,67.3,66.4
Argentina,ARG,1984,67.9,66.2
Argentina,ARG,1985,68,65.8
Argentina,ARG,1986,68.4,66.6
Argentina,ARG,1987,68.8,67.3
Argentina,ARG,1988,70.6,67.7
Argentina,ARG,1989,70.7,67.5
Argentina,ARG,1990,68.2,67.3
Argentina,ARG,1991,68.7,68.3
Argentina,ARG,1992,69.6,69.6
Argentina,ARG,1993,69.2,68.4
Argentina,ARG,1994,68.9,67.1
Argentina,ARG,1995,67.5,67.3
Argentina,ARG,1996,66.9,68.1
Argentina,ARG,1997,67.90000153,68.69999695
Argentina,ARG,1998,69,69.19999695
Argentina,ARG,1999,70.3,69.6
Argentina,ARG,2000,71.6,70.1
Argentina,ARG,2001,69.7,70.1
Argentina,ARG,2002,68.3,70.2
Argentina,ARG,2003,67.3,70.3
Argentina,ARG,2004,67,69.4
Argentina,ARG,2005,65.9,68.6
Argentina,ARG,2006,66,69
Argentina,ARG,2007,63.8,68.8
Argentina,ARG,2008,63.4,69.6
Argentina,ARG,2009,64,67.9
Argentina,ARG,2010,64.8,68.2
Argentina,ARG,2011,65,68.7
Argentina,ARG,2012,65.9,68.7
Argentina,ARG,2013,64.8,67.5
Argentina,ARG,2014,64.1,67.1
Argentina,ARG,2015,63.9,67.1
Argentina,ARG,2016,63.2,67.3
Argentina,ARG,2017,63.70000076,66.5
Argentina,ARG,2018,64.30000305,66.59999847
Australia,AUS,1970,65.2,67.4
Australia,AUS,1971,64.9,67.1
Australia,AUS,1972,64.4,67.2
Australia,AUS,1973,63.6,66.1
Australia,AUS,1974,63.5,66.1
Australia,AUS,1975,61.7,65.7
Australia,AUS,1976,62.6,65.5
Australia,AUS,1977,60.9,65.6
Australia,AUS,1978,60.3,65.2
Australia,AUS,1979,60.2,64.5
Australia,AUS,1980,60,64.1
Australia,AUS,1981,59.5,63.6
Australia,AUS,1982,59.5,63.3
Australia,AUS,1983,58.7,63.4
Australia,AUS,1984,58.7,62.9
Australia,AUS,1985,58.9,62.5
Australia,AUS,1986,59.3,62.8
Australia,AUS,1987,59,62.3
Australia,AUS,1988,60.1,61.6
Australia,AUS,1989,60,62.1
Australia,AUS,1990,60.4,62.5
Australia,AUS,1991,60,62.3
Australia,AUS,1992,60.1,62.4
Australia,AUS,1993,60.5,62.8
Australia,AUS,1994,59.2,62.6
Australia,AUS,1995,59.4,62.3
Australia,AUS,1996,59,62.1
Australia,AUS,1997,59,61.90000153
Australia,AUS,1998,59,61.5
Australia,AUS,1999,59.5,62.2
Australia,AUS,2000,59.6,62
Australia,AUS,2001,60.1,62.1
Australia,AUS,2002,60.5,63
Australia,AUS,2003,61,63.1
Australia,AUS,2004,60.6,62.8
Australia,AUS,2005,61.3,63.7
Australia,AUS,2006,62.1,63.9
Australia,AUS,2007,61.8,64
Australia,AUS,2008,61.4,63.7
Australia,AUS,2009,62.5,64.4
Australia,AUS,2010,62.7,64.5
Australia,AUS,2011,62.7,64.9
Australia,AUS,2012,62.7,64.8
Australia,AUS,2013,62.9,65.4
Australia,AUS,2014,62.7,65
Australia,AUS,2015,63.2,65.4
Australia,AUS,2016,63.6,65.2
Australia,AUS,2017,64.19999695,65.59999847
Australia,AUS,2018,64.30000305,65.30000305
Austria,AUT,1970,64.2,66.8
Austria,AUT,1971,64.3,66.5
Austria,AUT,1972,64.3,65.8
Austria,AUT,1973,65,65.9
Austria,AUT,1974,65.4,66
Austria,AUT,1975,65.2,66.4
Austria,AUT,1976,64.8,66.3
Austria,AUT,1977,64.7,65.9
Austria,AUT,1978,64,65.4
Austria,AUT,1979,63,65.2
Austria,AUT,1980,62.6,64.8
Austria,AUT,1981,62.1,63.8
Austria,AUT,1982,61.7,63.4
Austria,AUT,1983,61.4,63.3
Austria,AUT,1984,61.7,63.2
Austria,AUT,1985,61.4,62.5
Austria,AUT,1986,60.9,62.2
Austria,AUT,1987,61,62.4
Austria,AUT,1988,60.8,62.5
Austria,AUT,1989,60.7,62.6
Austria,AUT,1990,60.8,62.7
Austria,AUT,1991,60.7,62.5
Austria,AUT,1992,60.4,62.1
Austria,AUT,1993,60,61.9
Austria,AUT,1994,59.8,61.6
Austria,AUT,1995,59.6,60.9
Austria,AUT,1996,59.5,60.8
Austria,AUT,1997,59.79999924,60.79999924
Austria,AUT,1998,59.90000153,61
Austria,AUT,1999,59.1,61
Austria,AUT,2000,58.9,60.3
Austria,AUT,2001,58.3,59.5
Austria,AUT,2002,59.1,59.9
Austria,AUT,2003,59,60.2
Austria,AUT,2004,58.2,58.8
Austria,AUT,2005,57.9,58.6
Austria,AUT,2006,58.8,59.1
Austria,AUT,2007,57.7,58.4
Austria,AUT,2008,57.5,57.9
Austria,AUT,2009,57.3,58.7
Austria,AUT,2010,57.8,59.7
Austria,AUT,2011,58.3,60.1
Austria,AUT,2012,59.3,61.7
Austria,AUT,2013,60.1,61.9
Austria,AUT,2014,60.2,62.2
Austria,AUT,2015,60.3,61.8
Austria,AUT,2016,60.6,62
Austria,AUT,2017,61.09999847,63
Austria,AUT,2018,60.79999924,63.5
Belgium,BEL,1970,62.7,64.1
Belgium,BEL,1971,62.9,64.2
Belgium,BEL,1972,63.1,64.2
Belgium,BEL,1973,63.1,64.2
Belgium,BEL,1974,63,64.2
Belgium,BEL,1975,63,64.2
Belgium,BEL,1976,61.8,63.6
Belgium,BEL,1977,60.2,63.2
Belgium,BEL,1978,59.9,62.5
Belgium,BEL,1979,59.8,62
Belgium,BEL,1980,59,61.5
Belgium,BEL,1981,58.9,61.1
Belgium,BEL,1982,59.2,61
Belgium,BEL,1983,58.1,61
Belgium,BEL,1984,57.4,60.7
Belgium,BEL,1985,57.5,60.6
Belgium,BEL,1986,57.2,60.1
Belgium,BEL,1987,56.3,59.4
Belgium,BEL,1988,55.9,58.8
Belgium,BEL,1989,55.9,58.7
Belgium,BEL,1990,56.1,58.5
Belgium,BEL,1991,56.5,58.8
Belgium,BEL,1992,55.4,58
Belgium,BEL,1993,56.8,57.9
Belgium,BEL,1994,56.8,58
Belgium,BEL,1995,56.4,58.3
Belgium,BEL,1996,55.5,57.9
Belgium,BEL,1997,56.79999924,58.5
Belgium,BEL,1998,56.79999924,58.5
Belgium,BEL,1999,57.6,58.1
Belgium,BEL,2000,57.1,58.5
Belgium,BEL,2001,57,58.5
Belgium,BEL,2002,56.8,58.5
Belgium,BEL,2003,56.4,57.6
Belgium,BEL,2004,57,58.6
Belgium,BEL,2005,57.6,58.7
Belgium,BEL,2006,57.9,59
Belgium,BEL,2007,59,59.6
Belgium,BEL,2008,59.3,59.9
Belgium,BEL,2009,59.8,59.5
Belgium,BEL,2010,59,60.6
Belgium,BEL,2011,59,59.6
Belgium,BEL,2012,58.7,59.6
Belgium,BEL,2013,59,59.8
Belgium,BEL,2014,59.2,59.9
Belgium,BEL,2015,59.6,60.1
Belgium,BEL,2016,59.7,61.3
Belgium,BEL,2017,60.09999847,61.70000076
Belgium,BEL,2018,60.5,61.59999847
Brazil,BRA,1970,73.6,72.1
Brazil,BRA,1971,73.7,71.8
Brazil,BRA,1972,73.9,71.5
Brazil,BRA,1973,74.1,71.3
Brazil,BRA,1974,74.5,71
Brazil,BRA,1975,74.4,70.7
Brazil,BRA,1976,74.2,70.5
Brazil,BRA,1977,74,70.3
Brazil,BRA,1978,73.7,70.1
Brazil,BRA,1979,73.5,69.9
Brazil,BRA,1980,73.3,69.7
Brazil,BRA,1981,73,69.5
Brazil,BRA,1982,72.6,69.3
Brazil,BRA,1983,72.3,69.1
Brazil,BRA,1984,72,68.9
Brazil,BRA,1985,71.7,68.7
Brazil,BRA,1986,70.1,68.5
Brazil,BRA,1987,71.5,69.4
Brazil,BRA,1988,70.1,69.4
Brazil,BRA,1989,69.4,68.5
Brazil,BRA,1990,68.6,68.8
Brazil,BRA,1991,67.4,68.4
Brazil,BRA,1992,65,68
Brazil,BRA,1993,63.6,67.9
Brazil,BRA,1994,65.1,68
Brazil,BRA,1995,65.2,68.1
Brazil,BRA,1996,63.4,67.4
Brazil,BRA,1997,63.90000153,67.30000305
Brazil,BRA,1998,63.29999924,66.90000153
Brazil,BRA,1999,63.9,66.8
Brazil,BRA,2000,62.8,66.7
Brazil,BRA,2001,63.9,66.8
Brazil,BRA,2002,63.8,67.3
Brazil,BRA,2003,65.1,67.5
Brazil,BRA,2004,63.8,68.1
Brazil,BRA,2005,64.7,67.6
Brazil,BRA,2006,65.6,67.4
Brazil,BRA,2007,63.6,67.5
Brazil,BRA,2008,63.2,68.2
Brazil,BRA,2009,63.5,67.7
Brazil,BRA,2010,63,68.3
Brazil,BRA,2011,62.3,68.4
Brazil,BRA,2012,62.7,67.4
Brazil,BRA,2013,63,67.6
Brazil,BRA,2014,62.4,67.1
Brazil,BRA,2015,62.6,67.2
Brazil,BRA,2016,63.5,67.7
Brazil,BRA,2017,63.20000076,66.59999847
Brazil,BRA,2018,63.29999924,66.59999847
Bulgaria,BGR,1970,59.5,66.5
Bulgaria,BGR,1971,59.1,66.2
Bulgaria,BGR,1972,58.8,65.8
Bulgaria,BGR,1973,58.5,65.5
Bulgaria,BGR,1974,58.2,65.1
Bulgaria,BGR,1975,58,64.8
Bulgaria,BGR,1976,57.6,64.4
Bulgaria,BGR,1977,57.2,63.9
Bulgaria,BGR,1978,56.8,63.5
Bulgaria,BGR,1979,56.3,63
Bulgaria,BGR,1980,55.9,62.4
Bulgaria,BGR,1981,56,62.5
Bulgaria,BGR,1982,56.1,62.5
Bulgaria,BGR,1983,56.2,62.5
Bulgaria,BGR,1984,56.4,62.6
Bulgaria,BGR,1985,56.5,62.6
Bulgaria,BGR,1986,56.8,62.6
Bulgaria,BGR,1987,57.1,62.5
Bulgaria,BGR,1988,57.3,62.5
Bulgaria,BGR,1989,57.5,62.4
Bulgaria,BGR,1990,57.6,62.4
Bulgaria,BGR,1991,57.2,61.8
Bulgaria,BGR,1992,56.8,61.1
Bulgaria,BGR,1993,56.3,60.5
Bulgaria,BGR,1994,55.8,59.9
Bulgaria,BGR,1995,55.4,59.3
Bulgaria,BGR,1996,54.9,58.6
Bulgaria,BGR,1997,54.40000153,58
Bulgaria,BGR,1998,54.5,58.09999847
Bulgaria,BGR,1999,54.6,58.1
Bulgaria,BGR,2000,54.7,58.2
Bulgaria,BGR,2001,55.4,58.1
Bulgaria,BGR,2002,55.3,57.7
Bulgaria,BGR,2003,54.5,57
Bulgaria,BGR,2004,55.4,57.6
Bulgaria,BGR,2005,55.9,58.9
Bulgaria,BGR,2006,56.8,59.8
Bulgaria,BGR,2007,58.9,62.7
Bulgaria,BGR,2008,60.8,65.7
Bulgaria,BGR,2009,60.4,64.4
Bulgaria,BGR,2010,60.5,62.9
Bulgaria,BGR,2011,60.1,61.9
Bulgaria,BGR,2012,59.5,61
Bulgaria,BGR,2013,60.2,61.7
Bulgaria,BGR,2014,60.7,61.8
Bulgaria,BGR,2015,61,62.5
Bulgaria,BGR,2016,60.7,63.1
Bulgaria,BGR,2017,61,64.09999847
Bulgaria,BGR,2018,61.40000153,64.69999695
Canada,CAN,1970,66.3,66
Canada,CAN,1971,66.3,65.9
Canada,CAN,1972,66.1,65.8
Canada,CAN,1973,65.6,65.7
Canada,CAN,1974,65.2,65.6
Canada,CAN,1975,64.9,65.5
Canada,CAN,1976,64.7,65.4
Canada,CAN,1977,64.1,65.2
Canada,CAN,1978,63.7,65.2
Canada,CAN,1979,64.3,65.1
Canada,CAN,1980,63.9,65.1
Canada,CAN,1981,63.5,65
Canada,CAN,1982,63.5,64.5
Canada,CAN,1983,63.5,64.5
Canada,CAN,1984,62.4,64
Canada,CAN,1985,62.9,63.7
Canada,CAN,1986,62.5,63.6
Canada,CAN,1987,62.5,63.9
Canada,CAN,1988,62.5,63.5
Canada,CAN,1989,62.9,63.7
Canada,CAN,1990,61.8,63.2
Canada,CAN,1991,62.2,62.8
Canada,CAN,1992,61.8,62.5
Canada,CAN,1993,61.3,62.3
Canada,CAN,1994,60.8,62.2
Canada,CAN,1995,60.1,62.6
Canada,CAN,1996,59.5,62.5
Canada,CAN,1997,59.79999924,62.5
Canada,CAN,1998,60.20000076,62.20000076
Canada,CAN,1999,60.6,62.9
Canada,CAN,2000,60.8,62.7
Canada,CAN,2001,61.1,62.9
Canada,CAN,2002,61.5,63.2
Canada,CAN,2003,62.2,63.8
Canada,CAN,2004,62,63.3
Canada,CAN,2005,61.6,63.5
Canada,CAN,2006,61.9,63.3
Canada,CAN,2007,62,63.3
Canada,CAN,2008,61.6,63.6
Canada,CAN,2009,62.1,63.4
Canada,CAN,2010,62.3,63.4
Canada,CAN,2011,62.6,64
Canada,CAN,2012,62.7,63.9
Canada,CAN,2013,63.2,63.9
Canada,CAN,2014,62.5,64.6
Canada,CAN,2015,63.2,65.1
Canada,CAN,2016,63.1,66
Canada,CAN,2017,63.59999847,66
Canada,CAN,2018,64,65.5
Chile,CHL,1970,65.9,70.8
Chile,CHL,1971,66.5,70.9
Chile,CHL,1972,67.3,71
Chile,CHL,1973,68.2,71
Chile,CHL,1974,69,71
Chile,CHL,1975,70,71
Chile,CHL,1976,69.7,70.6
Chile,CHL,1977,69.1,70.2
Chile,CHL,1978,68.3,69.9
Chile,CHL,1979,67.6,69.6
Chile,CHL,1980,67,69.2
Chile,CHL,1981,65.9,68.3
Chile,CHL,1982,65.1,66.7
Chile,CHL,1983,66,66.9
Chile,CHL,1984,65.6,67
Chile,CHL,1985,65.7,68.4
Chile,CHL,1986,65,68
Chile,CHL,1987,69.7,70.7
Chile,CHL,1988,67.4,70
Chile,CHL,1989,69.4,70.5
Chile,CHL,1990,71.3,67.5
Chile,CHL,1991,64.1,68.1
Chile,CHL,1992,63.6,68.4
Chile,CHL,1993,66.7,68.5
Chile,CHL,1994,67.3,68.5
Chile,CHL,1995,63.2,68.3
Chile,CHL,1996,65.4,67.9
Chile,CHL,1997,66,69.09999847
Chile,CHL,1998,66,69.80000305
Chile,CHL,1999,65.2,70.3
Chile,CHL,2000,67.4,69.9
Chile,CHL,2001,66.2,68.9
Chile,CHL,2002,63.9,68.7
Chile,CHL,2003,65.4,68
Chile,CHL,2004,65,67.6
Chile,CHL,2005,66.6,67.9
Chile,CHL,2006,68,68.3
Chile,CHL,2007,70.4,68.6
Chile,CHL,2008,67.9,69.5
Chile,CHL,2009,68.5,69.3
Chile,CHL,2010,67.9,69.1
Chile,CHL,2011,68.4,69.2
Chile,CHL,2012,68.9,69.8
Chile,CHL,2013,68.1,69.2
Chile,CHL,2014,68.2,69.7
Chile,CHL,2015,67.5,70.9
Chile,CHL,2016,67.1,70.7
Chile,CHL,2017,66.09999847,70.19999695
Chile,CHL,2018,66.69999695,70
China,CHN,1987,56.4,66.7
China,CHN,1988,57,66.7
China,CHN,1989,57.5,66.8
China,CHN,1990,58,66.9
China,CHN,1991,57.7,66.8
China,CHN,1992,57.3,66.7
China,CHN,1993,57,66.6
China,CHN,1994,56.7,66.6
China,CHN,1995,56.4,66.5
China,CHN,1996,56.9,66.5
China,CHN,1997,57.40000153,66.5
China,CHN,1998,57.90000153,66.5
China,CHN,1999,58.4,66.5
China,CHN,2000,59,66.5
China,CHN,2001,59.8,66.6
China,CHN,2002,60.6,66.8
China,CHN,2003,61.2,66.9
China,CHN,2004,61.7,67
China,CHN,2005,62.1,67.1
China,CHN,2006,62.1,67.1
China,CHN,2007,62.1,67
China,CHN,2008,62.1,66.9
China,CHN,2009,62.1,66.9
China,CHN,2010,62,66.8
Croatia,HRV,1995,57.9,61.4
Croatia,HRV,1996,57.9,61.2
Croatia,HRV,1997,58,61
Croatia,HRV,1998,58.09999847,60.79999924
Croatia,HRV,1999,58,61.1
Croatia,HRV,2000,57.9,61.3
Croatia,HRV,2001,57.9,61.5
Croatia,HRV,2002,57.7,61.7
Croatia,HRV,2003,56.8,62.6
Croatia,HRV,2004,57.4,62.8
Croatia,HRV,2005,57.3,61.8
Croatia,HRV,2006,56.5,61.3
Croatia,HRV,2007,56,62.5
Croatia,HRV,2008,59.4,61.5
Croatia,HRV,2009,59.8,60.2
Croatia,HRV,2010,58.8,61.3
Croatia,HRV,2011,59.4,61.2
Croatia,HRV,2012,60.7,60.2
Croatia,HRV,2013,60.1,60.8
Croatia,HRV,2014,60.8,62.8
Croatia,HRV,2015,62,62.8
Croatia,HRV,2016,61.6,62.2
Croatia,HRV,2017,60.5,63.20000076
Croatia,HRV,2018,61.09999847,61.70000076
Cyprus,CYP,1981,70.9,69.4
Cyprus,CYP,1982,70.9,69.5
Cyprus,CYP,1983,71,69.6
Cyprus,CYP,1984,71,69.8
Cyprus,CYP,1985,71.1,69.9
Cyprus,CYP,1986,71.1,70.1
Cyprus,CYP,1987,71.2,70.2
Cyprus,CYP,1988,71.2,70.4
Cyprus,CYP,1989,65.8,69.5
Cyprus,CYP,1990,65.1,69.4
Cyprus,CYP,1991,66.1,69.5
Cyprus,CYP,1992,64.9,66.1
Cyprus,CYP,1993,63.8,66.4
Cyprus,CYP,1994,62.9,65.6
Cyprus,CYP,1995,62.1,66.7
Cyprus,CYP,1996,60.4,67.6
Cyprus,CYP,1997,59.5,67.80000305
Cyprus,CYP,1998,59.59999847,66.40000153
Cyprus,CYP,1999,59.8,64.6
Cyprus,CYP,2000,62.2,63.9
Cyprus,CYP,2001,64.4,64
Cyprus,CYP,2002,63.7,63.8
Cyprus,CYP,2003,61.9,65.2
Cyprus,CYP,2004,61.3,66.1
Cyprus,CYP,2005,62.2,66
Cyprus,CYP,2006,59.9,66.9
Cyprus,CYP,2007,61.7,67.9
Cyprus,CYP,2008,62.2,67.2
Cyprus,CYP,2009,59.9,67
Cyprus,CYP,2010,60.2,66.5
Cyprus,CYP,2011,61,65.3
Cyprus,CYP,2012,62.2,64.9
Cyprus,CYP,2013,61.9,66.4
Cyprus,CYP,2014,63,65.7
Cyprus,CYP,2015,63,66.3
Cyprus,CYP,2016,61.8,66.6
Cyprus,CYP,2017,61.40000153,65.5
Cyprus,CYP,2018,62.40000153,64.90000153
Czechia,CZE,1996,57.8,62
Czechia,CZE,1997,58,62.09999847
Czechia,CZE,1998,58,62.09999847
Czechia,CZE,1999,57.7,62.1
Czechia,CZE,2000,58,61.6
Czechia,CZE,2001,58.2,61.9
Czechia,CZE,2002,58.1,61.9
Czechia,CZE,2003,58.3,61.8
Czechia,CZE,2004,58.3,61.4
Czechia,CZE,2005,58.4,61.5
Czechia,CZE,2006,58.4,61.6
Czechia,CZE,2007,58.5,62.1
Czechia,CZE,2008,58.8,62.6
Czechia,CZE,2009,59,62
Czechia,CZE,2010,58.9,62.3
Czechia,CZE,2011,59.1,62.6
Czechia,CZE,2012,59.8,63.1
Czechia,CZE,2013,59.9,63.4
Czechia,CZE,2014,60.5,63.3
Czechia,CZE,2015,60.7,63.1
Czechia,CZE,2016,60.8,62.5
Czechia,CZE,2017,60.90000153,62.70000076
Czechia,CZE,2018,61.29999924,63.20000076
Denmark,DNK,1970,66,68.3
Denmark,DNK,1971,65.7,67.8
Denmark,DNK,1972,65.5,67.4
Denmark,DNK,1973,65.3,66.9
Denmark,DNK,1974,65,66.4
Denmark,DNK,1975,64.8,65.9
Denmark,DNK,1976,64.7,65.9
Denmark,DNK,1977,64.6,65.8
Denmark,DNK,1978,64.4,65.7
Denmark,DNK,1979,64.4,65.5
Denmark,DNK,1980,64.3,65.5
Denmark,DNK,1981,64.2,65.4
Denmark,DNK,1982,64.4,66
Denmark,DNK,1983,64,66.1
Denmark,DNK,1984,63.2,65.6
Denmark,DNK,1985,63.8,65.9
Denmark,DNK,1986,64.4,66.5
Denmark,DNK,1987,62,64.8
Denmark,DNK,1988,61.3,64.5
Denmark,DNK,1989,62,65.7
Denmark,DNK,1990,61.9,65.4
Denmark,DNK,1991,61.5,65.1
Denmark,DNK,1992,61.5,64.2
Denmark,DNK,1993,60.5,63.2
Denmark,DNK,1994,59.4,62.4
Denmark,DNK,1995,59.3,62.9
Denmark,DNK,1996,58.7,62.7
Denmark,DNK,1997,58.79999924,63.09999847
Denmark,DNK,1998,59.5,62.70000076
Denmark,DNK,1999,60.6,63.1
Denmark,DNK,2000,59.8,63.4
Denmark,DNK,2001,61,62.9
Denmark,DNK,2002,62.2,62.4
Denmark,DNK,2003,62.3,63.9
Denmark,DNK,2004,61.1,63.4
Denmark,DNK,2005,61.9,63.2
Denmark,DNK,2006,62.3,63.9
Denmark,DNK,2007,62,63.4
Denmark,DNK,2008,62.3,64
Denmark,DNK,2009,62.2,64.6
Denmark,DNK,2010,61.8,64
Denmark,DNK,2011,61.3,63.6
Denmark,DNK,2012,61.9,63.3
Denmark,DNK,2013,61.4,62.5
Denmark,DNK,2014,60.6,63
Denmark,DNK,2015,61.7,63.6
Denmark,DNK,2016,63,63.6
Denmark,DNK,2017,62.70000076,64.59999847
Denmark,DNK,2018,62.5,65.09999847
Estonia,EST,1970,64,68.1
Estonia,EST,1971,63.5,67.8
Estonia,EST,1972,62.9,67.4
Estonia,EST,1973,62.2,66.9
Estonia,EST,1974,61.5,66.4
Estonia,EST,1975,60.7,65.8
Estonia,EST,1976,60.7,65.8
Estonia,EST,1977,60.7,65.7
Estonia,EST,1978,60.7,65.6
Estonia,EST,1979,60.7,65.5
Estonia,EST,1980,60.6,65.5
Estonia,EST,1981,60.5,65.5
Estonia,EST,1982,60.4,65.5
Estonia,EST,1983,60.2,65.5
Estonia,EST,1984,60,65.5
Estonia,EST,1985,60.2,65.8
Estonia,EST,1986,60.5,66.1
Estonia,EST,1987,60.8,66.4
Estonia,EST,1988,61.1,66.8
Estonia,EST,1989,61.4,67.1
Estonia,EST,1990,62.1,67.3
Estonia,EST,1991,62.1,67
Estonia,EST,1992,61.6,66.1
Estonia,EST,1993,62.1,65.8
Estonia,EST,1994,62.4,65.9
Estonia,EST,1995,62.5,65.3
Estonia,EST,1996,62.4,65
Estonia,EST,1997,62.70000076,65
Estonia,EST,1998,61.5,63.90000153
Estonia,EST,1999,60.5,63.6
Estonia,EST,2000,58.9,60
Estonia,EST,2001,58.9,61.5
Estonia,EST,2002,57.5,61.7
Estonia,EST,2003,58.3,60.4
Estonia,EST,2004,60.6,59.6
Estonia,EST,2005,63,62.4
Estonia,EST,2006,65,63.8
Estonia,EST,2007,64.8,64.4
Estonia,EST,2008,64.6,66.3
Estonia,EST,2009,63.8,68
Estonia,EST,2010,63.6,65.6
Estonia,EST,2011,62.7,64.5
Estonia,EST,2012,62.8,63.5
Estonia,EST,2013,62.8,64.3
Estonia,EST,2014,62.9,63.7
Estonia,EST,2015,64.2,63.6
Estonia,EST,2016,65.3,64.8
Estonia,EST,2017,65.19999695,65.80000305
Estonia,EST,2018,65.69999695,65.5
Europe average,,1970,65.7,68.4
Europe average,,1971,65.4,68
Europe average,,1972,65.2,67.6
Europe average,,1973,65.1,67.3
Europe average,,1974,64.8,66.9
Europe average,,1975,64.6,66.6
Europe average,,1976,64.2,66.3
Europe average,,1977,63.9,66
Europe average,,1978,63.5,65.6
Europe average,,1979,62.9,65.3
Europe average,,1980,62.8,65.1
Europe average,,1981,62.5,64.7
Europe average,,1982,62.2,64.4
Europe average,,1983,61.7,64.2
Europe average,,1984,61.6,63.9
Europe average,,1985,61.5,63.8
Europe average,,1986,61.4,63.6
Europe average,,1987,61.2,63.4
Europe average,,1988,60.8,63.2
Europe average,,1989,60.6,63.2
Europe average,,1990,60.4,63.2
Europe average,,1991,60.3,62.9
Europe average,,1992,60,62.4
Europe average,,1993,60.2,62.2
Europe average,,1994,60,62
Europe average,,1995,60,61.7
Europe average,,1996,59.7,61.5
Europe average,,1997,59.5,61.5
Europe average,,1998,59.29999924,61.5
Europe average,,1999,59.5,61.5
Europe average,,2000,59.6,61.5
Europe average,,2001,59.6,61.4
Europe average,,2002,59.9,61.5
Europe average,,2003,59.8,61.6
Europe average,,2004,59.9,61.6
Europe average,,2005,60.3,61.9
Europe average,,2006,60.5,62
Europe average,,2007,60.5,62.4
Europe average,,2008,60.9,62.6
Europe average,,2009,60.6,62.5
Europe average,,2010,60.8,62.5
Europe average,,2011,60.9,62.4
Europe average,,2012,61.5,62.6
Europe average,,2013,61.6,62.8
Europe average,,2014,61.8,62.9
Europe average,,2015,61.7,63
Europe average,,2016,62,63.3
Europe average,,2017,62.09999847,63.59999847
Europe average,,2018,62.29999924,64
Finland,FIN,1970,62,65.9
Finland,FIN,1971,60.8,65.6
Finland,FIN,1972,61.2,65.8
Finland,FIN,1973,62.4,65.7
Finland,FIN,1974,62.6,65.9
Finland,FIN,1975,63.3,66.5
Finland,FIN,1976,63.5,65.3
Finland,FIN,1977,63.4,65.8
Finland,FIN,1978,62.6,66.1
Finland,FIN,1979,61.5,66.1
Finland,FIN,1980,62.7,65.9
Finland,FIN,1981,63,66.4
Finland,FIN,1982,62.7,64.9
Finland,FIN,1983,62.6,63.3
Finland,FIN,1984,62.7,63.6
Finland,FIN,1985,62,63
Finland,FIN,1986,61.3,62.6
Finland,FIN,1987,60.6,62.2
Finland,FIN,1988,60.2,61.9
Finland,FIN,1989,60.6,61
Finland,FIN,1990,59.6,61.3
Finland,FIN,1991,59.1,60.7
Finland,FIN,1992,58.8,60.9
Finland,FIN,1993,60.2,60.5
Finland,FIN,1994,59.9,61
Finland,FIN,1995,60.2,60.6
Finland,FIN,1996,60.6,61
Finland,FIN,1997,59.5,59.90000153
Finland,FIN,1998,59.5,60.09999847
Finland,FIN,1999,59.3,59.6
Finland,FIN,2000,59.8,60.2
Finland,FIN,2001,59.9,60.7
Finland,FIN,2002,60,60.8
Finland,FIN,2003,59.8,59.8
Finland,FIN,2004,60.3,59.9
Finland,FIN,2005,60,60.5
Finland,FIN,2006,60.2,60.3
Finland,FIN,2007,60.8,60.1
Finland,FIN,2008,60.7,61.5
Finland,FIN,2009,61.4,61.7
Finland,FIN,2010,61.7,61.7
Finland,FIN,2011,61.8,62.3
Finland,FIN,2012,62,62.9
Finland,FIN,2013,62.2,62.5
Finland,FIN,2014,62.4,61.9
Finland,FIN,2015,62.6,62.5
Finland,FIN,2016,62.6,63.2
Finland,FIN,2017,63.09999847,63.79999924
Finland,FIN,2018,63.40000153,64.30000305
France,FRA,1970,68.8,67.9
France,FRA,1971,66.7,67.4
France,FRA,1972,66.4,66.9
France,FRA,1973,65.5,66.3
France,FRA,1974,65.6,65.9
France,FRA,1975,65.3,65.3
France,FRA,1976,65.1,64.6
France,FRA,1977,64.9,64.5
France,FRA,1978,64.2,63.7
France,FRA,1979,63.7,63.7
France,FRA,1980,63.9,63.6
France,FRA,1981,63.8,63.2
France,FRA,1982,63,62.4
France,FRA,1983,62.2,61.9
France,FRA,1984,61.8,61.2
France,FRA,1985,61.2,61.2
France,FRA,1986,61.2,60.9
France,FRA,1987,60.6,60.6
France,FRA,1988,60.3,60.3
France,FRA,1989,59.9,60.4
France,FRA,1990,59.9,60.4
France,FRA,1991,59.8,60.1
France,FRA,1992,60,60.1
France,FRA,1993,60.1,59.8
France,FRA,1994,60.1,59.9
France,FRA,1995,60,59.6
France,FRA,1996,59.9,59.6
France,FRA,1997,59.40000153,59.59999847
France,FRA,1998,59.29999924,59.5
France,FRA,1999,59,59.3
France,FRA,2000,58.6,59
France,FRA,2001,58.4,59
France,FRA,2002,58.4,58.8
France,FRA,2003,58.7,58.9
France,FRA,2004,59,58.9
France,FRA,2005,59.3,58.8
France,FRA,2006,59.3,58.7
France,FRA,2007,59.5,58.9
France,FRA,2008,59.4,59.1
France,FRA,2009,59.6,59
France,FRA,2010,59.5,59.3
France,FRA,2011,59.4,59
France,FRA,2012,59.9,59.7
France,FRA,2013,59.8,59.6
France,FRA,2014,59.9,59.4
France,FRA,2015,59.9,59.5
France,FRA,2016,60.3,60
France,FRA,2017,60.59999847,60.5
France,FRA,2018,60.79999924,60.79999924
Germany,DEU,1970,64.2,66.5
Germany,DEU,1971,64,65.8
Germany,DEU,1972,63.8,65.4
Germany,DEU,1973,63.6,65.3
Germany,DEU,1974,63.6,65
Germany,DEU,1975,63.6,64.8
Germany,DEU,1976,63.2,64.8
Germany,DEU,1977,62.5,64.4
Germany,DEU,1978,61.8,63.9
Germany,DEU,1979,61.3,63.5
Germany,DEU,1980,60.9,63.1
Germany,DEU,1981,60.9,63
Germany,DEU,1982,60.6,62.8
Germany,DEU,1983,60.4,62.5
Germany,DEU,1984,60.5,62.6
Germany,DEU,1985,60.2,62.4
Germany,DEU,1986,60,62.1
Germany,DEU,1987,60.4,61.5
Germany,DEU,1988,60.9,61
Germany,DEU,1989,60.7,61.4
Germany,DEU,1990,60.8,62.2
Germany,DEU,1991,60.7,61.7
Germany,DEU,1992,60.7,61.9
Germany,DEU,1993,60.3,61.9
Germany,DEU,1994,60,61.2
Germany,DEU,1995,59.2,60.5
Germany,DEU,1996,59,60.3
Germany,DEU,1997,59.59999847,60.59999847
Germany,DEU,1998,59.70000076,61
Germany,DEU,1999,60,60.9
Germany,DEU,2000,60.3,61
Germany,DEU,2001,60.2,61.2
Germany,DEU,2002,60.2,61
Germany,DEU,2003,60.3,61.1
Germany,DEU,2004,60.6,61.3
Germany,DEU,2005,60.7,61.8
Germany,DEU,2006,60.8,61.8
Germany,DEU,2007,60.8,62
Germany,DEU,2008,60.3,61.1
Germany,DEU,2009,60.5,61.8
Germany,DEU,2010,61.2,62
Germany,DEU,2011,61.5,62
Germany,DEU,2012,61.7,62.1
Germany,DEU,2013,62.2,62.4
Germany,DEU,2014,62.7,62.7
Germany,DEU,2015,62.7,62.8
Germany,DEU,2016,63.2,63.3
Germany,DEU,2017,63.40000153,63.59999847
Germany,DEU,2018,63.59999847,64
Greece,GRC,1970,64.6,67.3
Greece,GRC,1971,64.6,67.1
Greece,GRC,1972,64.5,67
Greece,GRC,1973,64.5,66.8
Greece,GRC,1974,64.4,66.7
Greece,GRC,1975,64.3,66.5
Greece,GRC,1976,64.3,66.4
Greece,GRC,1977,63.9,66.3
Greece,GRC,1978,63.6,66.1
Greece,GRC,1979,63.3,66
Greece,GRC,1980,63,65.9
Greece,GRC,1981,62.7,65.8
Greece,GRC,1982,62.6,65.7
Greece,GRC,1983,62.5,65.5
Greece,GRC,1984,63.4,65.3
Greece,GRC,1985,65.1,65.2
Greece,GRC,1986,64.7,64.7
Greece,GRC,1987,64.5,64.5
Greece,GRC,1988,65.2,64.5
Greece,GRC,1989,63.6,64.4
Greece,GRC,1990,60.9,63.7
Greece,GRC,1991,60.3,63.7
Greece,GRC,1992,60.7,63.5
Greece,GRC,1993,60.6,63.7
Greece,GRC,1994,59.8,63
Greece,GRC,1995,60.8,63.2
Greece,GRC,1996,63.5,63.4
Greece,GRC,1997,61.40000153,63.79999924
Greece,GRC,1998,61.59999847,62.59999847
Greece,GRC,1999,63,62.8
Greece,GRC,2000,62.7,63.2
Greece,GRC,2001,61.2,63.1
Greece,GRC,2002,61,62.5
Greece,GRC,2003,61.3,63.1
Greece,GRC,2004,61.3,62.6
Greece,GRC,2005,61.2,62.4
Greece,GRC,2006,61.6,62.1
Greece,GRC,2007,61.2,62.5
Greece,GRC,2008,60.4,62.1
Greece,GRC,2009,59.6,61.9
Greece,GRC,2010,60.3,61.9
Greece,GRC,2011,59.9,61.8
Greece,GRC,2012,60.3,61.9
Greece,GRC,2013,60,62
Greece,GRC,2014,60,61.6
Greece,GRC,2015,59.9,61.8
Greece,GRC,2016,60.2,62
Greece,GRC,2017,59.90000153,61.5
Greece,GRC,2018,60,61.70000076
Hungary,HUN,1970,68.2,69.3
Hungary,HUN,1971,67,68.7
Hungary,HUN,1972,65.8,68.1
Hungary,HUN,1973,64.8,67.5
Hungary,HUN,1974,63.8,66.9
Hungary,HUN,1975,63,66.3
Hungary,HUN,1976,62.7,66.1
Hungary,HUN,1977,62.5,65.9
Hungary,HUN,1978,62.3,65.6
Hungary,HUN,1979,62,65.4
Hungary,HUN,1980,61.8,65.2
Hungary,HUN,1981,61.4,65
Hungary,HUN,1982,61,64.8
Hungary,HUN,1983,60.5,64.6
Hungary,HUN,1984,60,64.5
Hungary,HUN,1985,59.5,64.3
Hungary,HUN,1986,59.4,64.1
Hungary,HUN,1987,59.3,63.8
Hungary,HUN,1988,59.2,63.6
Hungary,HUN,1989,59.1,63.4
Hungary,HUN,1990,59,63.2
Hungary,HUN,1991,58.7,62.9
Hungary,HUN,1992,58.5,62.6
Hungary,HUN,1993,58,62
Hungary,HUN,1994,57.6,61.8
Hungary,HUN,1995,57.5,61.7
Hungary,HUN,1996,56.7,60.4
Hungary,HUN,1997,55.79999924,59.20000076
Hungary,HUN,1998,55.29999924,58.5
Hungary,HUN,1999,56,58.5
Hungary,HUN,2000,55.8,58.3
Hungary,HUN,2001,55.8,57.8
Hungary,HUN,2002,56,57.8
Hungary,HUN,2003,56,58.8
Hungary,HUN,2004,55.6,57.8
Hungary,HUN,2005,57.3,58.9
Hungary,HUN,2006,57.8,59.6
Hungary,HUN,2007,58.1,59.7
Hungary,HUN,2008,58.4,59.5
Hungary,HUN,2009,58.9,59.9
Hungary,HUN,2010,58.9,60.1
Hungary,HUN,2011,58.8,60.3
Hungary,HUN,2012,59.6,60.7
Hungary,HUN,2013,59.8,61.3
Hungary,HUN,2014,60.1,62.6
Hungary,HUN,2015,60.1,63
Hungary,HUN,2016,60.7,63.6
Hungary,HUN,2017,60.20000076,63.29999924
Hungary,HUN,2018,60,63.40000153
Iceland,ISL,1980,70.7,70
Iceland,ISL,1981,70.8,70.1
Iceland,ISL,1982,71.1,70.1
Iceland,ISL,1983,70.3,70.5
Iceland,ISL,1984,68.3,70.6
Iceland,ISL,1985,69.3,70.7
Iceland,ISL,1986,70.2,70.8
Iceland,ISL,1987,70.3,71.2
Iceland,ISL,1988,70.5,71.1
Iceland,ISL,1989,70.6,71.3
Iceland,ISL,1990,70.8,71.4
Iceland,ISL,1991,71,71.7
Iceland,ISL,1992,71.1,71
Iceland,ISL,1993,70.7,71
Iceland,ISL,1994,70,70.6
Iceland,ISL,1995,69.9,70.5
Iceland,ISL,1996,67.4,70.9
Iceland,ISL,1997,68.09999847,71.19999695
Iceland,ISL,1998,68.59999847,70.5
Iceland,ISL,1999,67.8,70.3
Iceland,ISL,2000,66.4,70.3
Iceland,ISL,2001,66.4,69.3
Iceland,ISL,2002,67.6,69
Iceland,ISL,2003,65.9,68.6
Iceland,ISL,2004,65,67.9
Iceland,ISL,2005,64.6,68.9
Iceland,ISL,2006,66.2,69.2
Iceland,ISL,2007,65.5,69.5
Iceland,ISL,2008,65.5,69.1
Iceland,ISL,2009,65.4,69.7
Iceland,ISL,2010,66.4,68.4
Iceland,ISL,2011,65.7,68.2
Iceland,ISL,2012,67.2,68.2
Iceland,ISL,2013,68.3,68.9
Iceland,ISL,2014,68,69.4
Iceland,ISL,2015,68.3,70.1
Iceland,ISL,2016,67.3,69.7
Iceland,ISL,2017,66.59999847,69.80000305
Iceland,ISL,2018,65.90000153,68.09999847
India,IND,1988,64.5,73.3
India,IND,1989,65.3,73.3
India,IND,1990,66.5,73.4
India,IND,1991,67.5,73.4
India,IND,1992,68.8,73.4
India,IND,1993,70,73.5
India,IND,1994,70.3,73.5
India,IND,1995,62.1,74.1
India,IND,1996,62.3,74.5
India,IND,1997,60.70000076,73.5
India,IND,1998,60.40000153,73.59999847
India,IND,1999,61.8,72.4
India,IND,2000,70.6,72
India,IND,2001,65.4,72.3
India,IND,2002,67.4,72.2
India,IND,2003,72.2,71.7
India,IND,2004,67.2,70.7
India,IND,2005,66.9,71.4
India,IND,2006,66.6,72.1
India,IND,2007,66.4,71.8
India,IND,2008,66.1,72.7
India,IND,2009,63.5,73.1
India,IND,2010,61.9,72.4
India,IND,2011,61.3,71.2
India,IND,2012,60.5,71.1
India,IND,2013,61,70.9
India,IND,2014,60.7,70.3
India,IND,2015,60.7,69.7
India,IND,2016,61.4,69.9
India,IND,2017,62.40000153,70.09999847
India,IND,2018,62.29999924,69.80000305
Indonesia,IDN,1987,73.5,75
Indonesia,IDN,1988,74.6,75.2
Indonesia,IDN,1989,73.9,74.6
Indonesia,IDN,1990,73.9,74.5
Indonesia,IDN,1991,67.5,74.4
Indonesia,IDN,1992,66.6,74.1
Indonesia,IDN,1993,66.7,74
Indonesia,IDN,1994,67.1,74.3
Indonesia,IDN,1995,68.1,74.5
Indonesia,IDN,1996,69,74.7
Indonesia,IDN,1997,70,74.90000153
Indonesia,IDN,1998,71.40000153,76
Indonesia,IDN,1999,71.6,74.5
Indonesia,IDN,2000,74.4,75.1
Indonesia,IDN,2001,73.6,75.3
Indonesia,IDN,2002,71.1,75.5
Indonesia,IDN,2003,67,74.4
Indonesia,IDN,2004,68.5,75.6
Indonesia,IDN,2005,69.5,75.3
Indonesia,IDN,2006,70.6,74.8
Indonesia,IDN,2007,71.8,71.7
Indonesia,IDN,2008,72.9,72.2
Indonesia,IDN,2009,73.7,73.1
Indonesia,IDN,2010,74.9,72.8
Indonesia,IDN,2011,73.8,73.4
Indonesia,IDN,2012,73.2,75.7
Indonesia,IDN,2013,71.7,76.9
Indonesia,IDN,2014,72.3,76
Indonesia,IDN,2015,71.8,75.3
Indonesia,IDN,2016,71.4,73.3
Indonesia,IDN,2017,71.80000305,73
Indonesia,IDN,2018,72,73
Ireland,IRL,1970,74.6,73.1
Ireland,IRL,1971,74.5,73
Ireland,IRL,1972,73.9,72.1
Ireland,IRL,1973,73.5,71.4
Ireland,IRL,1974,73.1,70.8
Ireland,IRL,1975,72.8,70.3
Ireland,IRL,1976,72.5,69.9
Ireland,IRL,1977,71.9,69.4
Ireland,IRL,1978,71.3,69
Ireland,IRL,1979,70.6,68.6
Ireland,IRL,1980,70,68.2
Ireland,IRL,1981,69.5,67.8
Ireland,IRL,1982,69.2,67.3
Ireland,IRL,1983,69.1,66.8
Ireland,IRL,1984,67.7,66.5
Ireland,IRL,1985,67.5,66.1
Ireland,IRL,1986,66.1,65.2
Ireland,IRL,1987,65.9,65.5
Ireland,IRL,1988,63.4,64.9
Ireland,IRL,1989,62.9,64.4
Ireland,IRL,1990,63.8,64
Ireland,IRL,1991,64.9,65.2
Ireland,IRL,1992,63.3,63.3
Ireland,IRL,1993,64.4,64.2
Ireland,IRL,1994,65.6,64
Ireland,IRL,1995,64.5,63.2
Ireland,IRL,1996,64.9,63.4
Ireland,IRL,1997,64.40000153,64.40000153
Ireland,IRL,1998,64.19999695,64.30000305
Ireland,IRL,1999,65.6,64.5
Ireland,IRL,2000,66,65.2
Ireland,IRL,2001,65.4,65
Ireland,IRL,2002,66.2,65.1
Ireland,IRL,2003,65.8,64.8
Ireland,IRL,2004,64.7,65.3
Ireland,IRL,2005,65.4,65.3
Ireland,IRL,2006,65.6,65
Ireland,IRL,2007,64.8,65.5
Ireland,IRL,2008,64.7,64.9
Ireland,IRL,2009,64.1,63.1
Ireland,IRL,2010,64,63
Ireland,IRL,2011,64,62.9
Ireland,IRL,2012,62.9,63.7
Ireland,IRL,2013,63.5,64.8
Ireland,IRL,2014,62.9,65.5
Ireland,IRL,2015,63.2,66.5
Ireland,IRL,2016,63.4,66.4
Ireland,IRL,2017,64.09999847,66.09999847
Ireland,IRL,2018,64.09999847,65.59999847
Israel,ISR,1990,64.6,66.4
Israel,ISR,1991,67,67.5
Israel,ISR,1992,65.3,67.1
Israel,ISR,1993,64.6,67.1
Israel,ISR,1994,64.4,66.1
Israel,ISR,1995,64.9,66
Israel,ISR,1996,63.1,65.6
Israel,ISR,1997,62.5,65.40000153
Israel,ISR,1998,63.09999847,65.80000305
Israel,ISR,1999,64.2,66.2
Israel,ISR,2000,64.1,66.3
Israel,ISR,2001,63.3,66.5
Israel,ISR,2002,64.1,66
Israel,ISR,2003,63.3,65.4
Israel,ISR,2004,62.2,65.1
Israel,ISR,2005,61.8,65.4
Israel,ISR,2006,62.5,66.4
Israel,ISR,2007,62.8,66.3
Israel,ISR,2008,63.3,66.1
Israel,ISR,2009,64.1,66.7
Israel,ISR,2010,65,67.6
Israel,ISR,2011,63.9,66.9
Israel,ISR,2012,65,66.9
Israel,ISR,2013,66,68.4
Israel,ISR,2014,66.4,67.8
Israel,ISR,2015,66.5,68.2
Israel,ISR,2016,66.5,69.3
Israel,ISR,2017,65.69999695,69.90000153
Israel,ISR,2018,66,69.40000153
Italy,ITA,1970,61.8,64.9
Italy,ITA,1971,62.2,64.8
Italy,ITA,1972,61.7,64.5
Italy,ITA,1973,61.5,64.2
Italy,ITA,1974,61.3,63.5
Italy,ITA,1975,61.2,63.4
Italy,ITA,1976,61.2,63.3
Italy,ITA,1977,62.4,62.1
Italy,ITA,1978,62.3,62
Italy,ITA,1979,62,61.8
Italy,ITA,1980,61.9,61.9
Italy,ITA,1981,61.7,61.9
Italy,ITA,1982,63.1,62.4
Italy,ITA,1983,62,62.6
Italy,ITA,1984,62,62.5
Italy,ITA,1985,61.5,62.5
Italy,ITA,1986,61.6,62
Italy,ITA,1987,61.6,62
Italy,ITA,1988,60.7,61.8
Italy,ITA,1989,59.5,61.6
Italy,ITA,1990,59.3,61.7
Italy,ITA,1991,59.2,61.7
Italy,ITA,1992,58.6,60.7
Italy,ITA,1993,60.6,59.8
Italy,ITA,1994,59.7,59.6
Italy,ITA,1995,59.7,59.1
Italy,ITA,1996,60,59.4
Italy,ITA,1997,59.5,59.5
Italy,ITA,1998,58.29999924,60
Italy,ITA,1999,58.1,60.2
Italy,ITA,2000,58.4,60.4
Italy,ITA,2001,59,60.3
Italy,ITA,2002,60,61.6
Italy,ITA,2003,59.2,61.9
Italy,ITA,2004,59.4,61.4
Italy,ITA,2005,58.9,61.6
Italy,ITA,2006,58.7,62
Italy,ITA,2007,58.7,61.9
Italy,ITA,2008,58.6,60.9
Italy,ITA,2009,58.5,61
Italy,ITA,2010,59,60.6
Italy,ITA,2011,59.2,60.9
Italy,ITA,2012,60.6,61.2
Italy,ITA,2013,60.3,61.4
Italy,ITA,2014,61.1,61.4
Italy,ITA,2015,60.6,61.8
Italy,ITA,2016,61.3,62.1
Italy,ITA,2017,61,62.40000153
Italy,ITA,2018,61.5,63.29999924
Japan,JPN,1970,68.4,72.8
Japan,JPN,1971,67.2,73.1
Japan,JPN,1972,67.1,72.5
Japan,JPN,1973,66.8,72.7
Japan,JPN,1974,66.5,72.3
Japan,JPN,1975,66.3,72.2
Japan,JPN,1976,66.5,71.5
Japan,JPN,1977,66.4,71.3
Japan,JPN,1978,66.6,71.1
Japan,JPN,1979,66.6,71
Japan,JPN,1980,66.6,71
Japan,JPN,1981,66.1,70.6
Japan,JPN,1982,66,70.8
Japan,JPN,1983,66.2,70.4
Japan,JPN,1984,66,70
Japan,JPN,1985,66,69.8
Japan,JPN,1986,66.1,69.9
Japan,JPN,1987,66,69.8
Japan,JPN,1988,65.8,70.2
Japan,JPN,1989,66.3,70.2
Japan,JPN,1990,66.4,70.6
Japan,JPN,1991,67.1,71.1
Japan,JPN,1992,67.6,71.2
Japan,JPN,1993,67.3,71.4
Japan,JPN,1994,66.5,71.2
Japan,JPN,1995,66.1,71.1
Japan,JPN,1996,66,70.9
Japan,JPN,1997,66.19999695,70.59999847
Japan,JPN,1998,65.90000153,70.19999695
Japan,JPN,1999,66.1,70.3
Japan,JPN,2000,66.2,70.1
Japan,JPN,2001,66,69.7
Japan,JPN,2002,65.6,69.8
Japan,JPN,2003,65.9,69.7
Japan,JPN,2004,66.1,69.5
Japan,JPN,2005,66.2,69.4
Japan,JPN,2006,66.3,69.4
Japan,JPN,2007,66.5,69.5
Japan,JPN,2008,66.9,69.6
Japan,JPN,2009,67.3,69.7
Japan,JPN,2010,67,70.1
Japan,JPN,2011,66.7,69.4
Japan,JPN,2012,66.7,69.2
Japan,JPN,2013,67.5,69.2
Japan,JPN,2014,67.6,69.3
Japan,JPN,2015,68,69.4
Japan,JPN,2016,68.8,70.1
Japan,JPN,2017,69.30000305,70.59999847
Japan,JPN,2018,69.09999847,70.80000305
Latvia,LVA,1994,60.3,63.2
Latvia,LVA,1995,59.9,62.8
Latvia,LVA,1996,59.6,62.4
Latvia,LVA,1997,58.5,62.79999924
Latvia,LVA,1998,58.90000153,63.5
Latvia,LVA,1999,58.6,63
Latvia,LVA,2000,59.6,62.2
Latvia,LVA,2001,59.5,63.6
Latvia,LVA,2002,63,62.6
Latvia,LVA,2003,60.3,61.8
Latvia,LVA,2004,59.9,63.8
Latvia,LVA,2005,59.5,64.1
Latvia,LVA,2006,60.8,62
Latvia,LVA,2007,62.4,64.3
Latvia,LVA,2008,62.4,64.5
Latvia,LVA,2009,63.3,63.8
Latvia,LVA,2010,63.6,64.5
Latvia,LVA,2011,64.4,65.2
Latvia,LVA,2012,64.8,65.1
Latvia,LVA,2013,63.6,64.4
Latvia,LVA,2014,62.7,63.4
Latvia,LVA,2015,61,61.9
Latvia,LVA,2016,61.2,62
Latvia,LVA,2017,61.90000153,63.40000153
Latvia,LVA,2018,64.69999695,65.69999695
Lithuania,LTU,1994,59.8,63.1
Lithuania,LTU,1995,59.6,62.8
Lithuania,LTU,1996,59.4,62.5
Lithuania,LTU,1997,59.09999847,62.20000076
Lithuania,LTU,1998,59.59999847,62.79999924
Lithuania,LTU,1999,59.7,62
Lithuania,LTU,2000,58.3,62.1
Lithuania,LTU,2001,59.2,62.1
Lithuania,LTU,2002,59.1,63
Lithuania,LTU,2003,58.7,64
Lithuania,LTU,2004,60.6,64.6
Lithuania,LTU,2005,61.4,63.9
Lithuania,LTU,2006,58.7,62.9
Lithuania,LTU,2007,58.8,61.3
Lithuania,LTU,2008,59.4,62.2
Lithuania,LTU,2009,59.2,61.3
Lithuania,LTU,2010,60.4,62.2
Lithuania,LTU,2011,61.8,63.5
Lithuania,LTU,2012,61.8,64.2
Lithuania,LTU,2013,62.8,64.1
Lithuania,LTU,2014,62.7,64
Lithuania,LTU,2015,62.1,63.1
Lithuania,LTU,2016,61.4,62.4
Lithuania,LTU,2017,62.5,63
Lithuania,LTU,2018,63,64.30000305
Luxembourg,LUX,1970,63.2,65.3
Luxembourg,LUX,1971,63.3,64.6
Luxembourg,LUX,1972,63.9,63.8
Luxembourg,LUX,1973,64.5,63.1
Luxembourg,LUX,1974,64.9,62.4
Luxembourg,LUX,1975,65.5,61.8
Luxembourg,LUX,1976,65.2,61.6
Luxembourg,LUX,1977,64.9,61.4
Luxembourg,LUX,1978,64.6,61.2
Luxembourg,LUX,1979,64.3,61
Luxembourg,LUX,1980,64,60.8
Luxembourg,LUX,1981,63.7,60.6
Luxembourg,LUX,1982,61.8,60.3
Luxembourg,LUX,1983,60.4,60.1
Luxembourg,LUX,1984,59.9,60.2
Luxembourg,LUX,1985,60.9,59.8
Luxembourg,LUX,1986,61.4,60.3
Luxembourg,LUX,1987,63,60.6
Luxembourg,LUX,1988,60.4,59.6
Luxembourg,LUX,1989,61.2,59.5
Luxembourg,LUX,1990,60.1,60.3
Luxembourg,LUX,1991,57.8,58.7
Luxembourg,LUX,1992,58.7,58.1
Luxembourg,LUX,1993,60.4,58.8
Luxembourg,LUX,1994,58.5,59.2
Luxembourg,LUX,1995,58.5,59.3
Luxembourg,LUX,1996,58.3,58
Luxembourg,LUX,1997,57.59999847,58.29999924
Luxembourg,LUX,1998,58.29999924,58.79999924
Luxembourg,LUX,1999,59.6,58.4
Luxembourg,LUX,2000,60.3,59.7
Luxembourg,LUX,2001,58.9,59.1
Luxembourg,LUX,2002,59.8,59.8
Luxembourg,LUX,2003,59.2,58.3
Luxembourg,LUX,2004,59.1,58.7
Luxembourg,LUX,2005,61.4,59.2
Luxembourg,LUX,2006,61,58.9
Luxembourg,LUX,2007,60.7,59.1
Luxembourg,LUX,2008,61.9,59.3
Luxembourg,LUX,2009,57.8,57.3
Luxembourg,LUX,2010,58.6,57.7
Luxembourg,LUX,2011,58.5,58
Luxembourg,LUX,2012,60.4,57.6
Luxembourg,LUX,2013,59.6,59.5
Luxembourg,LUX,2014,61.8,62
Luxembourg,LUX,2015,59.2,60.3
Luxembourg,LUX,2016,61,61.2
Luxembourg,LUX,2017,60.79999924,59.70000076
Luxembourg,LUX,2018,61.29999924,60.5
Malta,MLT,1990,61.3,60.6
Malta,MLT,1991,61.4,60.7
Malta,MLT,1992,61.6,60.8
Malta,MLT,1993,61.7,60.9
Malta,MLT,1994,61.9,61
Malta,MLT,1995,61.7,60.9
Malta,MLT,1996,61.6,61.1
Malta,MLT,1997,62.5,61.79999924
Malta,MLT,1998,62.70000076,62
Malta,MLT,1999,62.6,62.3
Malta,MLT,2000,63.1,62.4
Malta,MLT,2001,61.3,61.5
Malta,MLT,2002,61.9,60.6
Malta,MLT,2003,60.7,60.8
Malta,MLT,2004,59.7,60.3
Malta,MLT,2005,56.7,59.7
Malta,MLT,2006,59.2,59.8
Malta,MLT,2007,59.5,61.5
Malta,MLT,2008,62.7,60.9
Malta,MLT,2009,60.8,60.7
Malta,MLT,2010,63.3,61.4
Malta,MLT,2011,60.9,61.2
Malta,MLT,2012,60.8,60
Malta,MLT,2013,63.2,59.5
Malta,MLT,2014,63.5,60.3
Malta,MLT,2015,61.8,62
Malta,MLT,2016,62.6,62.4
Malta,MLT,2017,63.20000076,63.29999924
Malta,MLT,2018,61.40000153,64.19999695
Mexico,MEX,1975,80.3,79.3
Mexico,MEX,1976,80,79.2
Mexico,MEX,1977,79.7,79
Mexico,MEX,1978,79.4,78.9
Mexico,MEX,1979,79,78.7
Mexico,MEX,1980,78.7,78.6
Mexico,MEX,1981,78.5,78.5
Mexico,MEX,1982,78.1,78.5
Mexico,MEX,1983,77.8,78.5
Mexico,MEX,1984,77.5,78.5
Mexico,MEX,1985,77.2,78.5
Mexico,MEX,1986,76.4,78
Mexico,MEX,1987,75.5,77.6
Mexico,MEX,1988,74.7,77.2
Mexico,MEX,1989,73.8,76.8
Mexico,MEX,1990,73,76.4
Mexico,MEX,1991,72.3,76.1
Mexico,MEX,1992,72.5,75.6
Mexico,MEX,1993,73.2,75
Mexico,MEX,1994,73.3,73.4
Mexico,MEX,1995,73.6,71.2
Mexico,MEX,1996,73.2,71.2
Mexico,MEX,1997,74,73.09999847
Mexico,MEX,1998,70.69999695,73.69999695
Mexico,MEX,1999,71.7,73.8
Mexico,MEX,2000,69.6,74.5
Mexico,MEX,2001,68.1,74
Mexico,MEX,2002,68,72.8
Mexico,MEX,2003,69,73
Mexico,MEX,2004,73,73
Mexico,MEX,2005,72.8,73.2
Mexico,MEX,2006,74.1,74
Mexico,MEX,2007,74.7,72.9
Mexico,MEX,2008,73.6,73
Mexico,MEX,2009,69.5,72.1
Mexico,MEX,2010,69.8,71.4
Mexico,MEX,2011,69.1,71.2
Mexico,MEX,2012,68.7,71.8
Mexico,MEX,2013,68.9,71.9
Mexico,MEX,2014,67.2,71.7
Mexico,MEX,2015,68.3,71.9
Mexico,MEX,2016,67.5,71.7
Mexico,MEX,2017,66.19999695,71.80000305
Mexico,MEX,2018,66.5,71.30000305
Netherlands,NLD,1970,66.7,66.6
Netherlands,NLD,1971,66.3,66.2
Netherlands,NLD,1972,66.3,65.7
Netherlands,NLD,1973,66,65.2
Netherlands,NLD,1974,65.8,64.6
Netherlands,NLD,1975,65.1,64.1
Netherlands,NLD,1976,65,63.8
Netherlands,NLD,1977,64.3,63.7
Netherlands,NLD,1978,64.3,63.4
Netherlands,NLD,1979,64.1,62.9
Netherlands,NLD,1980,64.1,63
Netherlands,NLD,1981,62.9,62.4
Netherlands,NLD,1982,62.5,62
Netherlands,NLD,1983,62.5,61.8
Netherlands,NLD,1984,62.2,61.6
Netherlands,NLD,1985,61.6,60.9
Netherlands,NLD,1986,60.5,60.1
Netherlands,NLD,1987,59.9,60.1
Netherlands,NLD,1988,59.8,60.4
Netherlands,NLD,1989,59.1,60.1
Netherlands,NLD,1990,58.8,59.7
Netherlands,NLD,1991,58.6,60.5
Netherlands,NLD,1992,58.9,60.6
Netherlands,NLD,1993,58.8,60.4
Netherlands,NLD,1994,59.8,60.4
Netherlands,NLD,1995,60.1,61.1
Netherlands,NLD,1996,59,60.2
Netherlands,NLD,1997,59.59999847,61
Netherlands,NLD,1998,59.5,61
Netherlands,NLD,1999,59.3,61.1
Netherlands,NLD,2000,58.7,60.6
Netherlands,NLD,2001,58.6,61
Netherlands,NLD,2002,58.5,60.5
Netherlands,NLD,2003,58.6,60.8
Netherlands,NLD,2004,59,60.5
Netherlands,NLD,2005,60.2,61.2
Netherlands,NLD,2006,61,60.9
Netherlands,NLD,2007,60.9,61.8
Netherlands,NLD,2008,61.1,62.9
Netherlands,NLD,2009,61.3,63.1
Netherlands,NLD,2010,61.4,62.9
Netherlands,NLD,2011,62,63.6
Netherlands,NLD,2012,62.3,63.6
Netherlands,NLD,2013,61.9,63.2
Netherlands,NLD,2014,61.9,63.2
Netherlands,NLD,2015,61.9,63.7
Netherlands,NLD,2016,62.3,63.5
Netherlands,NLD,2017,62.70000076,63.79999924
Netherlands,NLD,2018,62.5,65.19999695
New Zealand,NZL,1970,69,69.6
New Zealand,NZL,1971,68.7,69.4
New Zealand,NZL,1972,68.1,69
New Zealand,NZL,1973,67.6,68.6
New Zealand,NZL,1974,67.1,68.2
New Zealand,NZL,1975,66.6,67.9
New Zealand,NZL,1976,66.1,67.6
New Zealand,NZL,1977,65.4,67.2
New Zealand,NZL,1978,64.9,66.9
New Zealand,NZL,1979,64.3,66.6
New Zealand,NZL,1980,63.8,66.3
New Zealand,NZL,1981,63.3,66
New Zealand,NZL,1982,63,65.6
New Zealand,NZL,1983,62.7,65.1
New Zealand,NZL,1984,62.4,64.7
New Zealand,NZL,1985,62.1,64.3
New Zealand,NZL,1986,61.9,63.8
New Zealand,NZL,1987,62.4,63.4
New Zealand,NZL,1988,62.7,63.3
New Zealand,NZL,1989,61.6,63
New Zealand,NZL,1990,61.3,63
New Zealand,NZL,1991,60.6,63.4
New Zealand,NZL,1992,60.1,63.5
New Zealand,NZL,1993,60.6,63.1
New Zealand,NZL,1994,60.6,62.8
New Zealand,NZL,1995,60.9,63.1
New Zealand,NZL,1996,61.2,62.4
New Zealand,NZL,1997,60.59999847,62.20000076
New Zealand,NZL,1998,61,63.29999924
New Zealand,NZL,1999,61,64.2
New Zealand,NZL,2000,59.9,64.3
New Zealand,NZL,2001,60.9,64.3
New Zealand,NZL,2002,61.3,64.2
New Zealand,NZL,2003,62.2,63.6
New Zealand,NZL,2004,63.2,64.5
New Zealand,NZL,2005,63.8,65.8
New Zealand,NZL,2006,63.6,67
New Zealand,NZL,2007,63.9,66.6
New Zealand,NZL,2008,64.3,66.7
New Zealand,NZL,2009,65,67.1
New Zealand,NZL,2010,65.5,65.9
New Zealand,NZL,2011,65.8,66
New Zealand,NZL,2012,66.4,66.8
New Zealand,NZL,2013,66.8,67.1
New Zealand,NZL,2014,67,67.2
New Zealand,NZL,2015,66.2,67.4
New Zealand,NZL,2016,66.4,68.4
New Zealand,NZL,2017,66.90000153,69.90000153
New Zealand,NZL,2018,66.40000153,69.80000305
Norway,NOR,1970,68,67.6
Norway,NOR,1971,67.9,67.4
Norway,NOR,1972,67.7,67.3
Norway,NOR,1973,66.9,67.6
Norway,NOR,1974,66.7,67.2
Norway,NOR,1975,67.2,66.8
Norway,NOR,1976,67.2,67.4
Norway,NOR,1977,67.5,67.5
Norway,NOR,1978,67.5,67
Norway,NOR,1979,66.3,66.9
Norway,NOR,1980,65.8,67.2
Norway,NOR,1981,66.2,66.7
Norway,NOR,1982,65.8,67.4
Norway,NOR,1983,66.5,67.2
Norway,NOR,1984,65.2,67
Norway,NOR,1985,63,66.9
Norway,NOR,1986,63.2,65.7
Norway,NOR,1987,63.5,64.4
Norway,NOR,1988,62.7,63.8
Norway,NOR,1989,63.4,63.3
Norway,NOR,1990,62.6,63.3
Norway,NOR,1991,61.6,63.7
Norway,NOR,1992,61,63.3
Norway,NOR,1993,61.1,63.9
Norway,NOR,1994,62.3,64.1
Norway,NOR,1995,62.7,64.6
Norway,NOR,1996,63.6,64.6
Norway,NOR,1997,64.30000305,64.90000153
Norway,NOR,1998,64.30000305,65.30000305
Norway,NOR,1999,63.7,64.6
Norway,NOR,2000,63.7,64
Norway,NOR,2001,63.2,63.8
Norway,NOR,2002,61.8,63
Norway,NOR,2003,62,62.8
Norway,NOR,2004,61.8,62.7
Norway,NOR,2005,61.8,63.3
Norway,NOR,2006,62.3,63.9
Norway,NOR,2007,63.2,64.2
Norway,NOR,2008,64.3,65.3
Norway,NOR,2009,64.5,64.8
Norway,NOR,2010,63.8,64.1
Norway,NOR,2011,64.3,64.2
Norway,NOR,2012,64.3,64.8
Norway,NOR,2013,63.8,64.1
Norway,NOR,2014,64.2,65.2
Norway,NOR,2015,64.5,65.4
Norway,NOR,2016,64.4,66.2
Norway,NOR,2017,64.09999847,65.30000305
Norway,NOR,2018,64.09999847,66.09999847
OECD average,,1970,66.5,68.8
OECD average,,1971,66.1,68.5
OECD average,,1972,66,68.2
OECD average,,1973,65.9,67.9
OECD average,,1974,65.7,67.6
OECD average,,1975,65.5,67.4
OECD average,,1976,65.3,67.1
OECD average,,1977,65,66.9
OECD average,,1978,64.7,66.6
OECD average,,1979,64.2,66.3
OECD average,,1980,64.2,66.2
OECD average,,1981,63.8,65.8
OECD average,,1982,63.6,65.4
OECD average,,1983,63.3,65.2
OECD average,,1984,62.9,64.9
OECD average,,1985,62.8,64.7
OECD average,,1986,62.6,64.5
OECD average,,1987,62.7,64.4
OECD average,,1988,62.3,64.2
OECD average,,1989,62.5,64.3
OECD average,,1990,62.3,64.2
OECD average,,1991,62,64.2
OECD average,,1992,61.8,63.9
OECD average,,1993,62,63.8
OECD average,,1994,61.8,63.6
OECD average,,1995,61.5,63.4
OECD average,,1996,61.4,63.2
OECD average,,1997,61.29999924,63.20000076
OECD average,,1998,61,63.20000076
OECD average,,1999,61.1,63.2
OECD average,,2000,61,63.1
OECD average,,2001,61,63.1
OECD average,,2002,61.2,63.2
OECD average,,2003,61.3,63.1
OECD average,,2004,61.5,63.1
OECD average,,2005,61.9,63.5
OECD average,,2006,62.2,63.6
OECD average,,2007,62.3,63.7
OECD average,,2008,62.4,63.9
OECD average,,2009,62.3,63.9
OECD average,,2010,62.5,63.9
OECD average,,2011,62.7,63.9
OECD average,,2012,63.1,64.2
OECD average,,2013,63.1,64.3
OECD average,,2014,63.2,64.6
OECD average,,2015,63.3,64.7
OECD average,,2016,63.5,65
OECD average,,2017,63.5,65.30000305
OECD average,,2018,63.70000076,65.40000153
Poland,POL,1970,72.2,73.6
Poland,POL,1971,70.9,72.6
Poland,POL,1972,69.9,71.8
Poland,POL,1973,69,71.1
Poland,POL,1974,68.4,70.7
Poland,POL,1975,67.7,70.3
Poland,POL,1976,67.2,69.8
Poland,POL,1977,66.6,69.4
Poland,POL,1978,66.1,68.9
Poland,POL,1979,65.7,68.5
Poland,POL,1980,65.1,68
Poland,POL,1981,64.6,67.5
Poland,POL,1982,63.9,67
Poland,POL,1983,63.4,66.6
Poland,POL,1984,63.4,66.6
Poland,POL,1985,63.4,66.5
Poland,POL,1986,63.4,66.5
Poland,POL,1987,63.4,66.5
Poland,POL,1988,63.4,66.4
Poland,POL,1989,63.2,66.2
Poland,POL,1990,63.3,66.2
Poland,POL,1991,63.3,66.2
Poland,POL,1992,63.2,66.1
Poland,POL,1993,63.2,66.3
Poland,POL,1994,62.3,65
Poland,POL,1995,61.4,63.9
Poland,POL,1996,60.5,63.1
Poland,POL,1997,59.70000076,62.20000076
Poland,POL,1998,59.5,62.09999847
Poland,POL,1999,59.8,62.4
Poland,POL,2000,59.2,61.6
Poland,POL,2001,59.3,61.3
Poland,POL,2002,59,61.2
Poland,POL,2003,58.9,61.4
Poland,POL,2004,58.2,61.1
Poland,POL,2005,58,61.5
Poland,POL,2006,57.6,61.3
Poland,POL,2007,57.6,61.3
Poland,POL,2008,58,61.2
Poland,POL,2009,58.5,61.7
Poland,POL,2010,59,61.5
Poland,POL,2011,59.5,61.5
Poland,POL,2012,60,62.1
Poland,POL,2013,60.1,62
Poland,POL,2014,59.5,62.2
Poland,POL,2015,59.6,62.4
Poland,POL,2016,59.8,62.6
Poland,POL,2017,60,62.70000076
Poland,POL,2018,60.59999847,62.79999924
Portugal,PRT,1970,71.9,73.1
Portugal,PRT,1971,71,73
Portugal,PRT,1972,70.4,72.9
Portugal,PRT,1973,69.9,72.8
Portugal,PRT,1974,69.5,72.7
Portugal,PRT,1975,68.8,71.5
Portugal,PRT,1976,67.4,71.1
Portugal,PRT,1977,68.5,70.3
Portugal,PRT,1978,68,69
Portugal,PRT,1979,67.6,68.7
Portugal,PRT,1980,67.5,68.5
Portugal,PRT,1981,68.1,67.5
Portugal,PRT,1982,66.3,67.5
Portugal,PRT,1983,65.7,67.3
Portugal,PRT,1984,67.6,66.3
Portugal,PRT,1985,66.7,66.4
Portugal,PRT,1986,65.7,65.9
Portugal,PRT,1987,65.3,65.4
Portugal,PRT,1988,64.9,66.8
Portugal,PRT,1989,64.2,66.4
Portugal,PRT,1990,64.3,65.8
Portugal,PRT,1991,66.6,64
Portugal,PRT,1992,64.7,64.6
Portugal,PRT,1993,63.5,64.5
Portugal,PRT,1994,64,63.9
Portugal,PRT,1995,63,63.6
Portugal,PRT,1996,61.9,64.3
Portugal,PRT,1997,63.5,62.90000153
Portugal,PRT,1998,60,63.79999924
Portugal,PRT,1999,59.4,63.7
Portugal,PRT,2000,60.3,63.5
Portugal,PRT,2001,61.4,63.8
Portugal,PRT,2002,61.1,64.5
Portugal,PRT,2003,64.2,64.3
Portugal,PRT,2004,65.6,65.3
Portugal,PRT,2005,66.2,66.3
Portugal,PRT,2006,66.3,66.3
Portugal,PRT,2007,65.9,67
Portugal,PRT,2008,65.3,66.6
Portugal,PRT,2009,63.7,67.1
Portugal,PRT,2010,64.7,66.5
Portugal,PRT,2011,65.2,66.2
Portugal,PRT,2012,65.7,66.4
Portugal,PRT,2013,66.1,66.9
Portugal,PRT,2014,66.2,67
Portugal,PRT,2015,66.1,67.7
Portugal,PRT,2016,64.9,69
Portugal,PRT,2017,65.59999847,69.59999847
Portugal,PRT,2018,65.40000153,68.5
Romania,ROU,1970,66.1,69.1
Romania,ROU,1971,65.8,68.8
Romania,ROU,1972,65.6,68.4
Romania,ROU,1973,65.4,68.1
Romania,ROU,1974,65.1,67.8
Romania,ROU,1975,64.9,67.5
Romania,ROU,1976,64.7,67.1
Romania,ROU,1977,64.5,66.8
Romania,ROU,1978,63.8,66.3
Romania,ROU,1979,63.2,65.7
Romania,ROU,1980,62.6,65.2
Romania,ROU,1981,62,64.6
Romania,ROU,1982,61.4,64
Romania,ROU,1983,61.3,63.8
Romania,ROU,1984,61.2,63.7
Romania,ROU,1985,61.1,63.6
Romania,ROU,1986,61,63.4
Romania,ROU,1987,60.9,63.3
Romania,ROU,1988,60.8,63.1
Romania,ROU,1989,60.7,63
Romania,ROU,1990,60.6,62.9
Romania,ROU,1991,60.5,62.7
Romania,ROU,1992,60.4,62.6
Romania,ROU,1993,59.6,61.3
Romania,ROU,1994,60.8,61.1
Romania,ROU,1995,63.3,61.3
Romania,ROU,1996,59.7,60.7
Romania,ROU,1997,60.5,61.20000076
Romania,ROU,1998,60.09999847,62.5
Romania,ROU,1999,61.1,64.2
Romania,ROU,2000,63.4,66.7
Romania,ROU,2001,61.9,64.8
Romania,ROU,2002,63.4,66.1
Romania,ROU,2003,64.7,66.9
Romania,ROU,2004,65.8,67.9
Romania,ROU,2005,66.5,68.4
Romania,ROU,2006,67.8,70
Romania,ROU,2007,66.7,68.3
Romania,ROU,2008,65.1,69.4
Romania,ROU,2009,63.4,67.9
Romania,ROU,2010,64.3,67.5
Romania,ROU,2011,62.4,64.8
Romania,ROU,2012,64.5,68.2
Romania,ROU,2013,66.5,68.2
Romania,ROU,2014,66.5,67.9
Romania,ROU,2015,65.1,66.5
Romania,ROU,2016,66.3,68.1
Romania,ROU,2017,67.40000153,68.19999695
Romania,ROU,2018,67.09999847,68.80000305
Russia,RUS,1994,58.1,61.9
Russia,RUS,1995,58,61.7
Russia,RUS,1996,57.9,61.7
Russia,RUS,1997,58,61.5
Russia,RUS,1998,57.79999924,61.09999847
Russia,RUS,1999,56.6,60.3
Russia,RUS,2000,56.5,60.8
Russia,RUS,2001,56.5,60.5
Russia,RUS,2002,57.2,60.7
Russia,RUS,2003,56.5,61
Russia,RUS,2004,59.7,62.5
Russia,RUS,2005,59.6,62.3
Russia,RUS,2006,59.4,62.1
Russia,RUS,2007,59.6,63.1
Russia,RUS,2008,59.9,63.3
Russia,RUS,2009,59.8,63.3
Russia,RUS,2010,60.1,63.5
Russia,RUS,2011,59.9,63.3
Russia,RUS,2012,60.3,63.4
Russia,RUS,2013,60.2,63
Russia,RUS,2014,60.3,63.1
Russia,RUS,2015,59.9,62.9
Russia,RUS,2016,60.3,63.2
Russia,RUS,2017,60.09999847,62.90000153
Russia,RUS,2018,60.20000076,63.20000076
Saudi Arabia,SAU,1997,51.59999847,67.30000305
Saudi Arabia,SAU,1998,51.70000076,67.19999695
Saudi Arabia,SAU,1999,51.8,67.2
Saudi Arabia,SAU,2000,52.8,74
Saudi Arabia,SAU,2001,53.9,72.6
Saudi Arabia,SAU,2002,54.8,70.7
Saudi Arabia,SAU,2003,55,68.9
Saudi Arabia,SAU,2004,55.3,68
Saudi Arabia,SAU,2005,54.4,67.6
Saudi Arabia,SAU,2006,54.2,67.2
Saudi Arabia,SAU,2007,53.2,66.3
Saudi Arabia,SAU,2008,54.8,66.5
Saudi Arabia,SAU,2009,53.7,67.2
Saudi Arabia,SAU,2010,54.3,67.2
Saudi Arabia,SAU,2011,55,67.7
Saudi Arabia,SAU,2012,55.9,69.3
Saudi Arabia,SAU,2013,52,71.8
Saudi Arabia,SAU,2014,53.1,68.7
Saudi Arabia,SAU,2015,53.6,69.9
Saudi Arabia,SAU,2016,52.9,68.6
Saudi Arabia,SAU,2017,53.70000076,67.59999847
Slovakia,SVK,1996,55.6,60.3
Slovakia,SVK,1997,55.09999847,59.90000153
Slovakia,SVK,1998,54.5,59.70000076
Slovakia,SVK,1999,55.1,59.4
Slovakia,SVK,2000,55.8,59.3
Slovakia,SVK,2001,55.9,59.7
Slovakia,SVK,2002,56.1,59.4
Slovakia,SVK,2003,56.1,59.8
Slovakia,SVK,2004,56,59.7
Slovakia,SVK,2005,55.7,59.3
Slovakia,SVK,2006,55.1,59.2
Slovakia,SVK,2007,54.6,59.3
Slovakia,SVK,2008,55.4,59.2
Slovakia,SVK,2009,56.1,59.8
Slovakia,SVK,2010,56.8,60
Slovakia,SVK,2011,57.6,60.5
Slovakia,SVK,2012,58.6,60.9
Slovakia,SVK,2013,58,61.3
Slovakia,SVK,2014,58.8,61.1
Slovakia,SVK,2015,59.3,60.9
Slovakia,SVK,2016,59.5,60.8
Slovakia,SVK,2017,59.40000153,60.70000076
Slovakia,SVK,2018,59.90000153,61.09999847
Slovenia,SVN,1996,57.9,60.6
Slovenia,SVN,1997,55.5,58.40000153
Slovenia,SVN,1998,55.90000153,58.90000153
Slovenia,SVN,1999,56.6,60.1
Slovenia,SVN,2000,56.1,61.1
Slovenia,SVN,2001,56.1,60.5
Slovenia,SVN,2002,58.9,62.5
Slovenia,SVN,2003,58.6,61.8
Slovenia,SVN,2004,57.1,61.1
Slovenia,SVN,2005,58.3,61.2
Slovenia,SVN,2006,58.8,61
Slovenia,SVN,2007,56.9,60.5
Slovenia,SVN,2008,57.2,61.2
Slovenia,SVN,2009,59.2,62
Slovenia,SVN,2010,58,61.4
Slovenia,SVN,2011,58,61.7
Slovenia,SVN,2012,60.6,62.9
Slovenia,SVN,2013,59.2,61.4
Slovenia,SVN,2014,59.5,62.3
Slovenia,SVN,2015,60.4,62.8
Slovenia,SVN,2016,60.9,62.3
Slovenia,SVN,2017,60.59999847,62.29999924
Slovenia,SVN,2018,60.09999847,63.09999847
South Africa,ZAF,1975,64.2,70.7
South Africa,ZAF,1976,64.2,70.6
South Africa,ZAF,1977,64.3,70.6
South Africa,ZAF,1978,64.4,70.6
South Africa,ZAF,1979,64.4,70.6
South Africa,ZAF,1980,64.5,70.5
South Africa,ZAF,1981,65.2,70.9
South Africa,ZAF,1982,66,71.3
South Africa,ZAF,1983,66.9,71.7
South Africa,ZAF,1984,67.6,71.9
South Africa,ZAF,1985,68.1,72.1
South Africa,ZAF,1986,68.1,71.8
South Africa,ZAF,1987,68.2,71.6
South Africa,ZAF,1988,68.2,71.3
South Africa,ZAF,1989,68.2,71
South Africa,ZAF,1990,68.2,70.8
South Africa,ZAF,1991,68.2,70.5
South Africa,ZAF,1992,67.4,69.2
South Africa,ZAF,1993,66.8,67.8
South Africa,ZAF,1994,66,66.7
South Africa,ZAF,1995,65.4,65.9
South Africa,ZAF,1996,64.7,65.1
South Africa,ZAF,1997,65,65.19999695
South Africa,ZAF,1998,65.19999695,65.40000153
South Africa,ZAF,1999,65.5,65.6
South Africa,ZAF,2000,66.5,66.1
South Africa,ZAF,2001,64.2,66.2
South Africa,ZAF,2002,64.3,66.1
South Africa,ZAF,2003,63.6,66.5
South Africa,ZAF,2004,63.7,67
South Africa,ZAF,2005,64.7,68.4
South Africa,ZAF,2006,62.9,68
South Africa,ZAF,2007,60.1,66
South Africa,ZAF,2008,62.1,66.5
South Africa,ZAF,2009,62.9,67.2
South Africa,ZAF,2010,62.6,66.1
South Africa,ZAF,2011,63,64.4
South Africa,ZAF,2012,62.7,66.9
South Africa,ZAF,2013,61.6,64.1
South Africa,ZAF,2014,60.2,61.9
South Africa,ZAF,2015,61.4,63
South Africa,ZAF,2016,61.2,62.4
South Africa,ZAF,2017,61.20000076,62.59999847
South Africa,ZAF,2018,61.70000076,63.09999847
South Korea,KOR,1970,63.1,65.7
South Korea,KOR,1971,63.8,65.4
South Korea,KOR,1972,63.8,66.4
South Korea,KOR,1973,65.1,66
South Korea,KOR,1974,65.6,65.7
South Korea,KOR,1975,65.5,66.2
South Korea,KOR,1976,66.2,67.7
South Korea,KOR,1977,65.1,68.3
South Korea,KOR,1978,64.2,68.5
South Korea,KOR,1979,64.2,67.8
South Korea,KOR,1980,64.4,68.4
South Korea,KOR,1981,63,67.5
South Korea,KOR,1982,65.5,66.1
South Korea,KOR,1983,64.8,65.9
South Korea,KOR,1984,62.5,66.3
South Korea,KOR,1985,63.6,66.3
South Korea,KOR,1986,63.3,66.4
South Korea,KOR,1987,62.9,66
South Korea,KOR,1988,62.7,67.1
South Korea,KOR,1989,69.5,68
South Korea,KOR,1990,69.6,69.9
South Korea,KOR,1991,68.9,70.6
South Korea,KOR,1992,67.9,71.7
South Korea,KOR,1993,66,70.6
South Korea,KOR,1994,66.6,70.9
South Korea,KOR,1995,66.8,70.5
South Korea,KOR,1996,67.3,69.6
South Korea,KOR,1997,68.19999695,69.5
South Korea,KOR,1998,66.80000305,68.69999695
South Korea,KOR,1999,66.3,67.7
South Korea,KOR,2000,65.8,67
South Korea,KOR,2001,66.7,67.4
South Korea,KOR,2002,66.3,68
South Korea,KOR,2003,65.6,68.5
South Korea,KOR,2004,67.1,69.8
South Korea,KOR,2005,67.8,70.2
South Korea,KOR,2006,67.5,70.9
South Korea,KOR,2007,67.6,71
South Korea,KOR,2008,69.5,70.2
South Korea,KOR,2009,69.2,70.2
South Korea,KOR,2010,69.4,71
South Korea,KOR,2011,69.7,71.4
South Korea,KOR,2012,69.9,71.7
South Korea,KOR,2013,69.8,72.1
South Korea,KOR,2014,71,73.3
South Korea,KOR,2015,71.9,72.4
South Korea,KOR,2016,72.2,72.1
South Korea,KOR,2017,73.09999847,72.90000153
South Korea,KOR,2018,72.30000305,72.30000305
Spain,ESP,1970,69,69.4
Spain,ESP,1971,71.1,68.8
Spain,ESP,1972,72.6,68.2
Spain,ESP,1973,73.7,67.7
Spain,ESP,1974,71.6,67.3
Spain,ESP,1975,72.4,66.8
Spain,ESP,1976,71.8,66.5
Spain,ESP,1977,69.2,66.5
Spain,ESP,1978,67.5,66.4
Spain,ESP,1979,63.7,64.4
Spain,ESP,1980,66.6,64.8
Spain,ESP,1981,65.1,65.4
Spain,ESP,1982,64.6,64.9
Spain,ESP,1983,64.6,64.2
Spain,ESP,1984,64,63.5
Spain,ESP,1985,63.1,63.5
Spain,ESP,1986,63.7,63.2
Spain,ESP,1987,65.1,63.2
Spain,ESP,1988,65.6,63.2
Spain,ESP,1989,65.7,63.5
Spain,ESP,1990,65.1,63.3
Spain,ESP,1991,64.7,62.7
Spain,ESP,1992,64.1,61.5
Spain,ESP,1993,63,61.3
Spain,ESP,1994,63.2,61.2
Spain,ESP,1995,63,60.8
Spain,ESP,1996,62.8,60.9
Spain,ESP,1997,63,61.40000153
Spain,ESP,1998,63,61.40000153
Spain,ESP,1999,61.2,61.4
Spain,ESP,2000,61.8,61.6
Spain,ESP,2001,61.9,61.7
Spain,ESP,2002,61.2,61.3
Spain,ESP,2003,62.2,61.3
Spain,ESP,2004,63,61.1
Spain,ESP,2005,63.1,60.9
Spain,ESP,2006,63,61.2
Spain,ESP,2007,62.9,61.4
Spain,ESP,2008,63,61.6
Spain,ESP,2009,63.2,61.7
Spain,ESP,2010,63,62.3
Spain,ESP,2011,63.5,62.3
Spain,ESP,2012,63.2,62.3
Spain,ESP,2013,63.5,62.2
Spain,ESP,2014,63.1,62.2
Spain,ESP,2015,62.7,62.2
Spain,ESP,2016,62.6,62.2
Spain,ESP,2017,61.59999847,62.20000076
Spain,ESP,2018,61.29999924,62.09999847
Sweden,SWE,1970,66.6,67.9
Sweden,SWE,1971,65.3,67.1
Sweden,SWE,1972,65.2,66.8
Sweden,SWE,1973,65.1,66.8
Sweden,SWE,1974,65.5,66.6
Sweden,SWE,1975,65.1,66.1
Sweden,SWE,1976,64.4,66.2
Sweden,SWE,1977,64.5,66.2
Sweden,SWE,1978,64.6,65.7
Sweden,SWE,1979,64.1,65.8
Sweden,SWE,1980,64,65.3
Sweden,SWE,1981,64.2,64.2
Sweden,SWE,1982,63.8,63.9
Sweden,SWE,1983,63.3,64.5
Sweden,SWE,1984,63.2,64
Sweden,SWE,1985,63.1,64.2
Sweden,SWE,1986,62.9,64.6
Sweden,SWE,1987,63.2,64.4
Sweden,SWE,1988,63,63.4
Sweden,SWE,1989,62.3,63.7
Sweden,SWE,1990,62.5,64.3
Sweden,SWE,1991,62.6,64
Sweden,SWE,1992,62.2,63.6
Sweden,SWE,1993,62.2,63.9
Sweden,SWE,1994,62.3,63.4
Sweden,SWE,1995,61.7,62.8
Sweden,SWE,1996,61.9,63.8
Sweden,SWE,1997,62.09999847,63.70000076
Sweden,SWE,1998,61.90000153,64
Sweden,SWE,1999,62.3,64.5
Sweden,SWE,2000,62.4,63.7
Sweden,SWE,2001,62.1,63.5
Sweden,SWE,2002,61.9,63.6
Sweden,SWE,2003,61.8,64
Sweden,SWE,2004,61.6,63.6
Sweden,SWE,2005,62.5,65.1
Sweden,SWE,2006,62.7,64.6
Sweden,SWE,2007,62.9,65.5
Sweden,SWE,2008,63.1,65.8
Sweden,SWE,2009,63.6,66.1
Sweden,SWE,2010,63.3,65.4
Sweden,SWE,2011,64.3,66.1
Sweden,SWE,2012,64.3,66.1
Sweden,SWE,2013,64.1,65.9
Sweden,SWE,2014,64.2,65.2
Sweden,SWE,2015,64.4,65.7
Sweden,SWE,2016,64.6,65.8
Sweden,SWE,2017,65.09999847,66
Sweden,SWE,2018,65.40000153,66.40000153
Switzerland,CHE,1970,73,71.9
Switzerland,CHE,1971,71.8,71.6
Switzerland,CHE,1972,70.8,71.3
Switzerland,CHE,1973,69.9,71.1
Switzerland,CHE,1974,69.2,70.9
Switzerland,CHE,1975,68.3,70.6
Switzerland,CHE,1976,68.1,70.4
Switzerland,CHE,1977,67.8,70.1
Switzerland,CHE,1978,67.5,69.9
Switzerland,CHE,1979,67.2,69.6
Switzerland,CHE,1980,67,69.4
Switzerland,CHE,1981,67.1,69.1
Switzerland,CHE,1982,67.2,68.8
Switzerland,CHE,1983,67.2,68.5
Switzerland,CHE,1984,67.2,68.2
Switzerland,CHE,1985,67.1,67.9
Switzerland,CHE,1986,66.9,67.8
Switzerland,CHE,1987,66.7,67.6
Switzerland,CHE,1988,66.5,67.5
Switzerland,CHE,1989,66.3,67.4
Switzerland,CHE,1990,66.2,67.3
Switzerland,CHE,1991,66,67.2
Switzerland,CHE,1992,68,67.1
Switzerland,CHE,1993,68,66.8
Switzerland,CHE,1994,67.4,66.4
Switzerland,CHE,1995,66.6,66.7
Switzerland,CHE,1996,66.2,66.9
Switzerland,CHE,1997,63.90000153,65.90000153
Switzerland,CHE,1998,63.09999847,66.30000305
Switzerland,CHE,1999,63.2,65.9
Switzerland,CHE,2000,62.5,65.6
Switzerland,CHE,2001,64.7,65.6
Switzerland,CHE,2002,63.2,66.4
Switzerland,CHE,2003,63.9,64.3
Switzerland,CHE,2004,64.4,65.7
Switzerland,CHE,2005,64.9,65
Switzerland,CHE,2006,63.9,64.5
Switzerland,CHE,2007,64.1,64.8
Switzerland,CHE,2008,64.4,66.5
Switzerland,CHE,2009,63.5,65.5
Switzerland,CHE,2010,63.6,65.1
Switzerland,CHE,2011,64.3,65.7
Switzerland,CHE,2012,64.3,66.1
Switzerland,CHE,2013,64.3,65.8
Switzerland,CHE,2014,64.5,65.9
Switzerland,CHE,2015,64.2,65.7
Switzerland,CHE,2016,64.3,66
Switzerland,CHE,2017,64.30000305,65.69999695
Switzerland,CHE,2018,65,66.40000153
Turkey,TUR,1970,57.4,68.6
Turkey,TUR,1971,56.1,68.7
Turkey,TUR,1972,55.8,68.8
Turkey,TUR,1973,56.6,69
Turkey,TUR,1974,57.7,69.1
Turkey,TUR,1975,59.1,69.2
Turkey,TUR,1976,60.4,69
Turkey,TUR,1977,61.6,68.8
Turkey,TUR,1978,62.7,68.6
Turkey,TUR,1979,63.8,68.5
Turkey,TUR,1980,64.8,68.3
Turkey,TUR,1981,65.1,67.4
Turkey,TUR,1982,64.8,66.5
Turkey,TUR,1983,63.7,65.5
Turkey,TUR,1984,62.7,64.4
Turkey,TUR,1985,61.6,63.2
Turkey,TUR,1986,60.9,63.2
Turkey,TUR,1987,60.2,63.2
Turkey,TUR,1988,59.7,63.3
Turkey,TUR,1989,59.5,63.3
Turkey,TUR,1990,59.7,63.8
Turkey,TUR,1991,61.4,64.8
Turkey,TUR,1992,62.6,64.5
Turkey,TUR,1993,62.5,65.1
Turkey,TUR,1994,61.8,64.8
Turkey,TUR,1995,61.1,63.6
Turkey,TUR,1996,60.4,61.7
Turkey,TUR,1997,59.40000153,63.5
Turkey,TUR,1998,56.90000153,60.09999847
Turkey,TUR,1999,55.7,61.3
Turkey,TUR,2000,57,61.6
Turkey,TUR,2001,58.9,61.7
Turkey,TUR,2002,59.8,61.6
Turkey,TUR,2003,61.1,63.2
Turkey,TUR,2004,62.8,63.4
Turkey,TUR,2005,63.5,63.9
Turkey,TUR,2006,63.8,64.2
Turkey,TUR,2007,64,63
Turkey,TUR,2008,64.3,62.6
Turkey,TUR,2009,64.9,63
Turkey,TUR,2010,65.1,63.3
Turkey,TUR,2011,65.4,63.2
Turkey,TUR,2012,65.6,63.1
Turkey,TUR,2013,65.8,64
Turkey,TUR,2014,66.1,65.2
Turkey,TUR,2015,66.3,65.1
Turkey,TUR,2016,66.5,66.1
Turkey,TUR,2017,65.5,66.5
Turkey,TUR,2018,64.90000153,66.30000305
United Kingdom,GBR,1970,65.7,67.7
United Kingdom,GBR,1971,65.4,67.8
United Kingdom,GBR,1972,65.2,67.8
United Kingdom,GBR,1973,65,67.6
United Kingdom,GBR,1974,65.2,66.8
United Kingdom,GBR,1975,64.6,67.4
United Kingdom,GBR,1976,63.6,66.8
United Kingdom,GBR,1977,64.1,66.5
United Kingdom,GBR,1978,63.7,66.1
United Kingdom,GBR,1979,63,66.3
United Kingdom,GBR,1980,62.6,66
United Kingdom,GBR,1981,62.2,65.2
United Kingdom,GBR,1982,61.7,64.4
United Kingdom,GBR,1983,61.2,63.9
United Kingdom,GBR,1984,61.1,63.2
United Kingdom,GBR,1985,60.8,62.8
United Kingdom,GBR,1986,61.2,63.1
United Kingdom,GBR,1987,61.2,62.7
United Kingdom,GBR,1988,60.9,62.5
United Kingdom,GBR,1989,60.8,62.7
United Kingdom,GBR,1990,60.7,62.8
United Kingdom,GBR,1991,60.3,62.7
United Kingdom,GBR,1992,60.2,62.5
United Kingdom,GBR,1993,60.5,62.5
United Kingdom,GBR,1994,61,62.5
United Kingdom,GBR,1995,60.7,62
United Kingdom,GBR,1996,60.8,62
United Kingdom,GBR,1997,60.59999847,62.29999924
United Kingdom,GBR,1998,60.70000076,61.70000076
United Kingdom,GBR,1999,60.8,62.4
United Kingdom,GBR,2000,60.9,62.5
United Kingdom,GBR,2001,60.8,62.6
United Kingdom,GBR,2002,61.3,63.1
United Kingdom,GBR,2003,61.6,63.6
United Kingdom,GBR,2004,61.2,63
United Kingdom,GBR,2005,61.5,63.1
United Kingdom,GBR,2006,61.6,63.7
United Kingdom,GBR,2007,61.8,63.4
United Kingdom,GBR,2008,61.9,63.7
United Kingdom,GBR,2009,62.3,64.4
United Kingdom,GBR,2010,61.9,64.1
United Kingdom,GBR,2011,62.2,63.6
United Kingdom,GBR,2012,62.3,63.7
United Kingdom,GBR,2013,62.1,64.3
United Kingdom,GBR,2014,62.3,63.7
United Kingdom,GBR,2015,63,64.1
United Kingdom,GBR,2016,63,64.6
United Kingdom,GBR,2017,63.29999924,64.5
United Kingdom,GBR,2018,63.59999847,64.69999695
United States,USA,1970,67.9,68.4
United States,USA,1971,67.2,67.8
United States,USA,1972,66.7,67.2
United States,USA,1973,66.6,67.1
United States,USA,1974,66.3,67.1
United States,USA,1975,65.9,66.8
United States,USA,1976,66,66.5
United States,USA,1977,66.2,66.4
United States,USA,1978,66.5,66.1
United States,USA,1979,66.1,66.5
United States,USA,1980,66.3,66.4
United States,USA,1981,66.1,66.1
United States,USA,1982,66.1,66.1
United States,USA,1983,65.5,66.2
United States,USA,1984,65.4,65.9
United States,USA,1985,65.2,65.9
United States,USA,1986,65.1,65.8
United States,USA,1987,65.2,65.5
United States,USA,1988,65.8,65.3
United States,USA,1989,65.8,64.9
United States,USA,1990,65,64.7
United States,USA,1991,64.5,64.6
United States,USA,1992,64.4,64.8
United States,USA,1993,64.2,64.8
United States,USA,1994,63.5,64
United States,USA,1995,63.6,64.3
United States,USA,1996,63.8,64.5
United States,USA,1997,64,64.90000153
United States,USA,1998,63.90000153,64.90000153
United States,USA,1999,64.1,65.2
United States,USA,2000,63.7,64.8
United States,USA,2001,63.5,64.7
United States,USA,2002,63.1,65.1
United States,USA,2003,63.4,64.2
United States,USA,2004,63.3,64.3
United States,USA,2005,63.2,64.6
United States,USA,2006,63.8,64.8
United States,USA,2007,64,64.6
United States,USA,2008,64.2,65.4
United States,USA,2009,64.8,65.6
United States,USA,2010,65.3,65.6
United States,USA,2011,64.8,65.3
United States,USA,2012,65.1,65
United States,USA,2013,64.9,65.3
United States,USA,2014,64.7,65.9
United States,USA,2015,64.8,66.1
United States,USA,2016,65.4,66.8
United States,USA,2017,65.90000153,67.59999847
United States,USA,2018,66.5,67.90000153